,source,target,Unnamed: 0
0,W1959608418,W177847060,
2,W1959608418,W2080829915,
3,W1959608418,W2097268041,
4,W1959608418,W2103633133,
5,W1959608418,W2119196781,
6,W1959608418,W2135346645,
7,W1959608418,W2145094598,
8,W1959608418,W2163922914,
9,W1959608418,W2166851633,
10,W1959608418,W2171490498,
11,W1959608418,W2405601855,
12,W1959608418,W2951493172,
13,W1959608418,W2963173382,
14,W1959608418,W3104819538,
16,W177847060,W151672344,
17,W177847060,W189596042,
18,W177847060,W1993845689,
20,W177847060,W2072128103,
21,W177847060,W2096192494,
22,W177847060,W2122565151,
23,W177847060,W2130325614,
24,W177847060,W2134557905,
25,W177847060,W2136922672,
27,W177847060,W2154956324,
28,W177847060,W2157629899,
30,W177847060,W2161893161,
31,W177847060,W2172174689,
33,W2080829915,W1975116882,
34,W2080829915,W1995883243,
35,W2080829915,W2006650073,
36,W2080829915,W2036742716,
38,W2080829915,W2065221212,
39,W2080829915,W2080516472,
40,W2080829915,W2083904924,
41,W2080829915,W2151447176,
44,W2097268041,W1489081407,
45,W2097268041,W1537436316,
46,W2097268041,W1810943226,
47,W2097268041,W189596042,
48,W2097268041,W2013035813,
49,W2097268041,W2025768430,
50,W2097268041,W2027311549,
51,W2097268041,W2047229728,
53,W2097268041,W2064630666,
54,W2097268041,W2096192494,
55,W2097268041,W2102409316,
56,W2097268041,W2108665656,
57,W2097268041,W2108677974,
58,W2097268041,W2112796928,
60,W2097268041,W2123284177,
61,W2097268041,W2135181320,
63,W2097268041,W2157002241,
64,W2103633133,W1506690472,
66,W2103633133,W1662191912,
67,W2103633133,W2013737143,
68,W2103633133,W2049633694,
69,W2103633133,W2125027820,
70,W2103633133,W2128221272,
75,W2119196781,W1880262756,
76,W2119196781,W2108677974,
77,W2119196781,W2115979064,
78,W2119196781,W2117111086,
79,W2119196781,W2127498532,
80,W2119196781,W2139385756,
81,W2119196781,W2142508340,
82,W2119196781,W2158266063,
83,W2119196781,W2162995719,
84,W2119196781,W2165599843,
85,W2119196781,W2187741934,
86,W2119196781,W759726671,
87,W2135346645,W1995875735,
89,W2135346645,W2122925692,
90,W2135346645,W2142901448,
91,W2145094598,W151672344,
92,W2145094598,W2172174689,
93,W2145094598,W2108665656,
94,W2145094598,W2135346645,
104,W2145094598,W2025768430,
106,W2145094598,W2072128103,
110,W2145094598,W2100495367,
113,W2145094598,W2105464873,
114,W2145094598,W2116064496,
115,W2163922914,W177847060,
116,W2163922914,W189596042,
117,W2163922914,W2072128103,
118,W2163922914,W2130325614,
119,W2163922914,W2136922672,
120,W2163922914,W2172174689,
126,W2163922914,W1489081407,
141,W2163922914,W2013035813,
142,W2163922914,W2025768430,
143,W2163922914,W2102409316,
144,W2163922914,W2108665656,
145,W2163922914,W2123284177,
146,W2163922914,W2157002241,
147,W2163922914,W2049633694,
148,W2163922914,W2125027820,
149,W2163922914,W2145094598,
150,W2163922914,W1970789124,
151,W2163922914,W2171490498,
152,W2163922914,W2100495367,
153,W2163922914,W2105464873,
154,W2163922914,W2116064496,
155,W2163922914,W2546302380,
156,W2163922914,W2117130368,
157,W2163922914,W2158899491,
158,W2166851633,W2125027820,
159,W2166851633,W2117111086,
160,W2166851633,W2127498532,
161,W2166851633,W2139385756,
162,W2166851633,W2158266063,
163,W2166851633,W2165599843,
164,W2166851633,W2187741934,
166,W2166851633,W1481229783,
167,W2166851633,W1503398984,
169,W2166851633,W1511986666,
171,W2166851633,W1520448186,
174,W2166851633,W1618600317,
176,W2166851633,W1686266550,
179,W2166851633,W1880262756,
180,W2166851633,W1915315806,
181,W2166851633,W1955368298,
183,W2166851633,W1967687583,
184,W2166851633,W1970789124,
185,W2166851633,W2112447569,
186,W2166851633,W2951493172,
187,W2171490498,W1986931325,
188,W2171490498,W2010161441,
190,W2171490498,W2063978378,
191,W2171490498,W2082855665,
192,W2171490498,W2100495367,
193,W2171490498,W2100543212,
194,W2171490498,W2105464873,
195,W2171490498,W2108665656,
196,W2171490498,W2112796928,
197,W2171490498,W2113606819,
198,W2171490498,W2116064496,
199,W2171490498,W2139427956,
200,W2171490498,W2151693816,
201,W2171490498,W2154332973,
202,W2171490498,W2155904486,
203,W2171490498,W2164647001,
204,W2171490498,W2172174689,
205,W2963173382,W2119196781,
206,W2963173382,W2139385756,
208,W2963173382,W1663973292,
210,W2963173382,W1959608418,
211,W2963173382,W1994616650,
220,W2963173382,W2166851633,
222,W2963173382,W2951493172,
224,W2963173382,W3104819538,
225,W3104819538,W2139385756,
226,W3104819538,W114517082,
227,W3104819538,W1515272691,
229,W3104819538,W1528708126,
230,W3104819538,W1530235965,
231,W3104819538,W1534417711,
232,W3104819538,W1545319692,
233,W3104819538,W1546485431,
234,W3104819538,W156498718,
235,W3104819538,W1570770495,
236,W3104819538,W1579579143,
237,W3104819538,W1663973292,
238,W3104819538,W1934017349,
239,W3104819538,W1934021597,
241,W3104819538,W1984268382,
242,W3104819538,W1992208280,
243,W3104819538,W1994616650,
244,W3104819538,W2036084078,
245,W3104819538,W2059424427,
246,W2099471712,W1959608418,
247,W2099471712,W189596042,
248,W2099471712,W1993845689,
249,W2099471712,W2072128103,
250,W2099471712,W2136922672,
251,W2099471712,W2097268041,
252,W2099471712,W2025768430,
253,W2099471712,W2112796928,
256,W2099471712,W1606347560,
260,W2099471712,W1909320841,
262,W2099471712,W1994618660,
267,W2099471712,W2546302380,
268,W2962793481,W1959608418,
269,W2962793481,W2099471712,
270,W2962793481,W2100495367,
272,W2962793481,W1542941005,
273,W2962793481,W1686810756,
274,W2962793481,W1896934482,
275,W2962793481,W1903029394,
276,W2962793481,W1905829557,
277,W2962793481,W1926639317,
278,W2962793481,W2019969451,
279,W2962793481,W2058017216,
280,W2962793481,W2083366168,
281,W2962793481,W2116013899,
283,W2962793481,W2118557299,
284,W2962793481,W2143133882,
285,W2962793481,W2157575844,
286,W2962793481,W2173520492,
287,W2962793481,W2194775991,
288,W2962793481,W2963444790,
289,W2962793481,W2475287302,
290,W2962793481,W2963420272,
291,W2962793481,W2963073614,
292,W2962793481,W2405756170,
293,W2962793481,W2521028896,
304,W2962770929,W1959608418,
305,W2962770929,W2963800363,
306,W2962770929,W1686810756,
307,W2962770929,W1786904711,
308,W2962770929,W1893585201,
309,W2962770929,W1909320841,
310,W2962770929,W1994618660,
311,W2962770929,W2087681821,
312,W2962770929,W2112594540,
313,W2962770929,W2475287302,
315,W2962770929,W2545656684,
316,W2962770929,W2583638424,
317,W2962770929,W2603777577,
318,W2962770929,W2617602381,
319,W2962770929,W2622255292,
320,W2962770929,W2753738274,
321,W2962770929,W2768346313,
322,W2962770929,W2785519580,
323,W2962770929,W2785678896,
324,W2962770929,W2785961484,
325,W2962770929,W2962785568,
326,W1514535095,W1959608418,
327,W1514535095,W1810943226,
328,W1514535095,W1850742715,
329,W1514535095,W1909320841,
330,W1514535095,W1527575280,
331,W1514535095,W1586939924,
332,W1514535095,W1591801644,
333,W1514535095,W1606347560,
334,W1514535095,W1686810756,
335,W1514535095,W1687846465,
336,W1514535095,W1753482797,
337,W1514535095,W1858383477,
339,W1514535095,W1895577753,
340,W1514535095,W1905882502,
341,W1514535095,W1931639407,
342,W1514535095,W1947481528,
343,W1514535095,W1969616664,
345,W1514535095,W2064675550,
346,W1514535095,W2185175083,
347,W1514535095,W68733909,
348,W4312933868,W1959608418,
349,W4312933868,W2953318193,
350,W4312933868,W1583912456,
351,W4312933868,W2962974533,
352,W4312933868,W2962770929,
353,W4312933868,W1909320841,
354,W4312933868,W1686810756,
359,W4312933868,W2125389028,
362,W4312933868,W2405756170,
371,W4312933868,W3035574324,
372,W4312933868,W3036167779,
373,W4312933868,W3162926177,
374,W4312933868,W2963073614,
375,W4312933868,W2962785568,
385,W2963420272,W1959608418,
386,W2963420272,W2116013899,
387,W2963420272,W1893585201,
388,W2963420272,W1032684693,
389,W2963420272,W1520997877,
390,W2963420272,W1522301498,
392,W2963420272,W1536680647,
394,W2963420272,W1836533770,
396,W2963420272,W1903029394,
397,W2963420272,W1993120651,
398,W2963420272,W2011181254,
399,W2963420272,W2025768430,
401,W2963420272,W2055132753,
402,W2963420272,W2072128103,
403,W2963420272,W2074551195,
404,W2963420272,W2099471712,
405,W2963420272,W2100495367,
406,W2593414223,W1959608418,
407,W2593414223,W189596042,
408,W2593414223,W2963073614,
409,W2593414223,W1522301498,
410,W2593414223,W1686810756,
411,W2593414223,W1903029394,
412,W2593414223,W2099471712,
413,W2593414223,W2100495367,
414,W2593414223,W2125389028,
416,W2593414223,W2166944917,
417,W2593414223,W2194775991,
418,W2593414223,W2405756170,
419,W2593414223,W2419501139,
420,W2593414223,W2521028896,
421,W2593414223,W2554314924,
422,W2593414223,W2557449848,
423,W2593414223,W2566832195,
424,W2593414223,W2580360036,
425,W2593414223,W2585630030,
426,W2593414223,W2613718673,
432,W151672344,W2025768430,
433,W151672344,W2100495367,
434,W151672344,W2108665656,
439,W151672344,W2136922672,
440,W151672344,W2139427956,
452,W189596042,W1994616650,
454,W189596042,W2096192494,
455,W189596042,W2100495367,
456,W189596042,W2102409316,
458,W189596042,W2116064496,
460,W189596042,W2122565151,
462,W189596042,W2134557905,
463,W189596042,W2136922672,
465,W189596042,W2157629899,
478,W2072128103,W189596042,
479,W2072128103,W1993845689,
498,W2072128103,W1520448186,
500,W2072128103,W2096192494,
501,W2072128103,W2130325614,
502,W2072128103,W2134557905,
503,W2072128103,W2154956324,
504,W2072128103,W2172174689,
505,W2072128103,W2064630666,
506,W2072128103,W2102409316,
507,W2072128103,W2108665656,
508,W2072128103,W2157002241,
509,W2072128103,W2171490498,
510,W2072128103,W2105464873,
511,W2072128103,W2113606819,
512,W2072128103,W2116064496,
513,W2072128103,W2139427956,
514,W2072128103,W2131462252,
519,W2096192494,W2064630666,
522,W2096192494,W2100495367,
523,W2096192494,W2116064496,
526,W2096192494,W2136922672,
536,W2122565151,W1994616650,
541,W2122565151,W2096192494,
545,W2122565151,W2116064496,
551,W2122565151,W2136922672,
554,W2130325614,W2100495367,
559,W2130325614,W2116064496,
565,W2130325614,W2136922672,
567,W2130325614,W2139427956,
570,W2130325614,W2155904486,
580,W2134557905,W2112796928,
592,W2136922672,W1993845689,
606,W2136922672,W2112796928,
608,W2136922672,W2116064496,
612,W2136922672,W2159080219,
619,W2154956324,W2100495367,
647,W2161893161,W2025768430,
648,W2161893161,W2100495367,
650,W2161893161,W2112796928,
652,W2161893161,W2116064496,
655,W2161893161,W2130325614,
656,W2161893161,W2134557905,
657,W2161893161,W2136922672,
658,W2161893161,W2139427956,
668,W2172174689,W2102409316,
669,W2172174689,W2105464873,
672,W2172174689,W2112796928,
674,W2172174689,W2116064496,
676,W2172174689,W2136922672,
678,W3140854437,W177847060,
679,W3140854437,W114517082,
687,W3140854437,W1686810756,
698,W3140854437,W2139427956,
699,W3140854437,W2892341857,
700,W3140854437,W3176923149,
701,W3140854437,W2752782242,
702,W3140854437,W2282821441,
703,W3140854437,W2963420686,
704,W3140854437,W603908379,
705,W3140854437,W2954996726,
706,W2951004968,W177847060,
707,W2951004968,W2163922914,
708,W2951004968,W1909320841,
713,W2951004968,W2080829915,
714,W2951004968,W2108677974,
715,W2951004968,W2135346645,
717,W2951004968,W2166851633,
718,W2951004968,W2171490498,
719,W2951004968,W2405601855,
722,W2951004968,W2951493172,
730,W2948978827,W177847060,
734,W2948978827,W1511986666,
735,W2948978827,W1522301498,
736,W2948978827,W1583912456,
742,W2948978827,W1826234144,
745,W2948978827,W1893585201,
746,W2948978827,W1906598733,
747,W2948978827,W1909320841,
749,W2948978827,W1959608418,
750,W2948978827,W2409550820,
751,W2948978827,W2097268041,
752,W2948978827,W2963090522,
753,W2948978827,W2164411961,
754,W2948978827,W2103633133,
755,W2948978827,W2119196781,
756,W2948978827,W2963173382,
757,W2948978827,W2135346645,
758,W2948978827,W2166851633,
759,W2948978827,W2951493172,
760,W2948978827,W2587284713,
761,W2948978827,W3104819538,
762,W2948978827,W2951595529,
763,W2948978827,W2592505114,
764,W2948978827,W2753738274,
765,W2502949459,W177847060,
772,W2502949459,W1503398984,
780,W2502949459,W1606347560,
783,W2502949459,W1686810756,
785,W2502949459,W2502949459,
786,W2910068345,W177847060,
805,W2910068345,W2025768430,
806,W2910068345,W2296283641,
807,W4213113494,W177847060,
828,W2025768430,W2172174689,
833,W2025768430,W2072128103,
834,W2025768430,W2100495367,
835,W2025768430,W2108665656,
843,W2025768430,W2136922672,
848,W2100495367,W2136922672,
860,W2108665656,W2100495367,
861,W2108665656,W2102409316,
862,W2108665656,W2105464873,
866,W2108665656,W2116064496,
867,W2108665656,W2136922672,
871,W2108665656,W2172174689,
880,W2139427956,W2105464873,
883,W2139427956,W2112796928,
885,W2139427956,W2136922672,
893,W2139427956,W2172174689,
910,W2116064496,W1993845689,
917,W2116064496,W2020999234,
1000,W2153791616,W1993845689,
1001,W2153791616,W2047229728,
1002,W2153791616,W2102409316,
1003,W2153791616,W2135346645,
1024,W2153791616,W2116064496,
1030,W1520448186,W1980452149,
1031,W1520448186,W1993845689,
1032,W1520448186,W1999432334,
1033,W1520448186,W2020999234,
1037,W1520448186,W2049633694,
1048,W2250539671,W2072128103,
1049,W2250539671,W1614298861,
1050,W2250539671,W2117130368,
1051,W2250539671,W2158899491,
1060,W2250539671,W2103318667,
1090,W2064630666,W2100495367,
1093,W2064630666,W2116064496,
1097,W2064630666,W2136922672,
1099,W2064630666,W2172174689,
1109,W2953318193,W2096192494,
1110,W2953318193,W2097268041,
1111,W2953318193,W2135181320,
1112,W2953318193,W2157002241,
1114,W2953318193,W1583912456,
1115,W2953318193,W1753482797,
1117,W2953318193,W1810943226,
1118,W2953318193,W1850742715,
1119,W2953318193,W189596042,
1120,W2953318193,W1906598733,
1121,W2953318193,W1909320841,
1123,W2953318193,W2064675550,
1126,W2953318193,W2112796928,
1130,W1583912456,W2096192494,
1131,W1583912456,W2097268041,
1132,W1583912456,W2135181320,
1136,W1583912456,W1522301498,
1142,W1583912456,W189596042,
1143,W1583912456,W1909320841,
1144,W1583912456,W1959608418,
1147,W1583912456,W2072128103,
1152,W1850742715,W2096192494,
1153,W1850742715,W2097268041,
1154,W1850742715,W2135181320,
1156,W1850742715,W1522301498,
1158,W1850742715,W1810943226,
1160,W1850742715,W189596042,
1161,W1850742715,W1909320841,
1162,W1850742715,W1959608418,
1165,W1850742715,W2064675550,
1166,W1850742715,W2100495367,
1167,W1850742715,W2112796928,
1191,W2155904486,W1618600317,
1217,W2752782242,W2130325614,
1218,W2752782242,W2097018403,
1219,W2752782242,W2113325037,
1220,W2752782242,W1686810756,
1221,W2752782242,W1903029394,
1222,W2752782242,W2194775991,
1223,W2752782242,W1514535095,
1224,W2752782242,W2064675550,
1239,W2752782242,W603908379,
1240,W2752782242,W2613718673,
1241,W2963420686,W2130325614,
1242,W2963420686,W2097018403,
1243,W2963420686,W2113325037,
1244,W2963420686,W1514535095,
1245,W2963420686,W2064675550,
1252,W2963420686,W1686810756,
1255,W2963420686,W1903029394,
1262,W2963420686,W603908379,
1263,W2963420686,W2613718673,
1264,W2173520492,W2130325614,
1265,W2173520492,W2951004968,
1266,W2173520492,W2099471712,
1267,W2173520492,W1850742715,
1268,W2173520492,W2145094598,
1269,W2173520492,W2116013899,
1270,W2173520492,W1522301498,
1349,W2020999234,W2157629899,
1350,W2020999234,W2294604761,
1371,W2020999234,W2107792892,
1393,W2105464873,W2042925217,
1394,W2105464873,W1993197592,
1395,W2105464873,W2151351982,
1423,W1489081407,W2097018403,
1425,W1489081407,W2112796928,
1428,W1489081407,W2130325614,
1446,W2962756421,W2163922914,
1447,W2962756421,W3104097132,
1448,W2962756421,W2001325956,
1449,W2962756421,W2037933327,
1468,W2962756421,W3105705953,
1469,W2962756421,W2250539671,
1470,W3104097132,W2163922914,
1471,W3104097132,W2159080219,
1473,W3104097132,W1497163089,
1474,W3104097132,W1511160855,
1475,W3104097132,W1585529040,
1476,W3104097132,W1614298861,
1478,W3104097132,W2001325956,
1479,W3104097132,W2020999234,
1480,W3104097132,W2037933327,
1481,W3104097132,W2045107949,
1482,W3104097132,W2046253692,
1483,W3104097132,W2086254934,
1484,W3104097132,W2099352187,
1485,W3104097132,W2105543219,
1486,W3104097132,W2107792892,
1487,W3104097132,W2117130368,
1488,W3104097132,W2118585731,
1489,W3104097132,W2121250409,
1490,W3104097132,W2122646361,
1491,W3104097132,W2131462252,
1517,W1686810756,W2155904486,
1519,W1686810756,W1527575280,
1550,W1909320841,W2951004968,
1551,W1909320841,W2108677974,
1552,W1909320841,W2135181320,
1553,W1909320841,W2115979064,
1554,W1909320841,W1515272691,
1555,W1909320841,W2036084078,
1564,W1909320841,W2144898279,
1565,W1909320841,W2145094598,
1576,W2108677974,W1995875735,
1577,W2108677974,W2036084078,
1578,W2108677974,W2047229728,
1580,W2108677974,W2064675550,
1593,W1522301498,W2951004968,
1594,W1522301498,W1810943226,
1595,W1522301498,W2100495367,
1624,W3036167779,W2951004968,
1625,W3036167779,W2409550820,
1626,W3036167779,W2013035813,
1627,W3036167779,W2963090522,
1628,W3036167779,W1583912456,
1629,W3036167779,W2962897886,
1630,W3036167779,W1906598733,
1631,W3036167779,W2587284713,
1632,W3036167779,W2962770929,
1633,W3036167779,W2753738274,
1634,W3036167779,W3035574324,
1636,W3036167779,W2099471712,
1649,W3035060554,W2951004968,
1650,W3035060554,W1909320841,
1651,W3035060554,W2963420272,
1652,W3035060554,W2798991696,
1657,W3035060554,W1686810756,
1662,W3035060554,W1903029394,
1667,W3035060554,W2025768430,
1671,W3035060554,W2099471712,
1672,W582134693,W2951004968,
1673,W582134693,W2047229728,
1674,W582134693,W2108677974,
1675,W582134693,W2962897886,
1676,W582134693,W2164411961,
1677,W582134693,W2119196781,
1678,W582134693,W2964059111,
1680,W582134693,W1522301498,
1692,W582134693,W2112796928,
1696,W582134693,W2166851633,
1697,W582134693,W2951493172,
1701,W1826234144,W3104819538,
1707,W1826234144,W1959608418,
1708,W1826234144,W1994616650,
1709,W1826234144,W2047229728,
1711,W1826234144,W2108677974,
1714,W1826234144,W2164411961,
1718,W1826234144,W2962897886,
1719,W1826234144,W2964059111,
1726,W1893585201,W189596042,
1727,W1893585201,W1909320841,
1728,W1893585201,W1959608418,
1733,W1893585201,W2099471712,
1734,W1893585201,W2100495367,
1741,W1893585201,W2130325614,
1743,W1906598733,W2119196781,
1744,W1906598733,W1528708126,
1745,W1906598733,W1606347560,
1746,W1906598733,W1850742715,
1747,W1906598733,W1893585201,
1748,W1906598733,W1959608418,
1750,W1906598733,W2102409316,
1751,W1906598733,W2112796928,
1756,W1906598733,W2951493172,
1757,W1906598733,W2962897886,
1758,W1906598733,W2963173382,
1760,W1906598733,W3104819538,
1817,W2892341857,W2502949459,
1818,W2892341857,W2405601855,
1823,W2892341857,W1522301498,
1827,W2892341857,W1536680647,
1834,W2892341857,W1686810756,
1839,W2892341857,W2074551195,
1840,W3135550350,W2910068345,
1841,W3135550350,W2467604901,
1842,W3135550350,W2097268041,
1863,W3135550350,W2765811365,
1864,W3135550350,W2554314924,
1865,W3135550350,W2122646361,
1897,W1995883243,W2083904924,
1938,W2151447176,W2065221212,
1948,W2467604901,W2080829915,
1950,W2467604901,W1850742715,
1951,W2467604901,W189596042,
1952,W2467604901,W1906598733,
1953,W2467604901,W1959608418,
1954,W2467604901,W1993845689,
1955,W2467604901,W2025768430,
1957,W2467604901,W2047229728,
1958,W2467604901,W2102409316,
1960,W2467604901,W2113606819,
1963,W2467604901,W2136922672,
1968,W2409550820,W2080829915,
1970,W2409550820,W1522301498,
1971,W2409550820,W1583912456,
1972,W2409550820,W1686810756,
1976,W2409550820,W189596042,
1977,W2409550820,W1909320841,
1980,W2409550820,W2108384452,
1983,W2409550820,W2135181320,
1987,W2409550820,W2166851633,
1988,W3104335016,W2080829915,
2009,W2963407932,W2080829915,
2012,W2963407932,W1686810756,
2017,W2963407932,W2112796928,
2022,W2963407932,W2194775991,
2029,W1499798934,W2080829915,
2030,W1499798934,W177847060,
2033,W1499798934,W2097268041,
2034,W1499798934,W2103633133,
2035,W1499798934,W2119196781,
2036,W1499798934,W2135346645,
2037,W1499798934,W2145094598,
2040,W1499798934,W2163922914,
2041,W1499798934,W2166851633,
2042,W1499798934,W2171490498,
2044,W1499798934,W2951493172,
2045,W1499798934,W3104819538,
2048,W2752332392,W2080829915,
2050,W2752332392,W1522301498,
2053,W2752332392,W1663973292,
2058,W2752332392,W1959608418,
2068,W2950880273,W2080829915,
2084,W2950880273,W2519887557,
2172,W2113606819,W1986931325,
2174,W2113606819,W2063978378,
2177,W2113606819,W2105464873,
2217,W2108384452,W2135346645,
2227,W2108384452,W1993197592,
2228,W2108384452,W1994618660,
2241,W2135181320,W177847060,
2243,W2135181320,W189596042,
2248,W2135181320,W2025768430,
2251,W2135181320,W2072128103,
2253,W2135181320,W2096192494,
2256,W2135181320,W2116064496,
2258,W2135181320,W2136922672,
2299,W2194775991,W1686810756,
2300,W2194775991,W1903029394,
2303,W2194775991,W1536680647,
2319,W2194775991,W2064675550,
2320,W2194775991,W2613718673,
2341,W2962851448,W1499798934,
2342,W2962851448,W2119196781,
2343,W2962851448,W2139385756,
2344,W2962851448,W2165599843,
2345,W2962851448,W2187741934,
2346,W2962851448,W2963173382,
2347,W2962851448,W114517082,
2355,W2962851448,W1520448186,
2357,W2962851448,W1522301498,
2358,W2962851448,W1530235965,
2359,W2962851448,W1546485431,
2365,W2962851448,W1583912456,
2366,W2962851448,W1955368298,
2367,W2962851448,W3104819538,
2396,W2519887557,W3104097132,
2397,W2519887557,W2962756421,
2408,W2519887557,W2194775991,
2417,W2519887557,W3105705953,
2430,W1537436316,W2025768430,
2432,W1537436316,W2112796928,
2434,W1537436316,W2136922672,
2447,W1810943226,W2064675550,
2450,W1810943226,W2108677974,
2454,W1810943226,W2131462252,
2459,W2013035813,W2025768430,
2464,W2013035813,W2116064496,
2468,W2013035813,W2136922672,
2471,W2013035813,W2145094598,
2474,W2013035813,W2163922914,
2489,W2027311549,W1994616650,
2500,W2123284177,W2072128103,
2506,W2123284177,W2136922672,
2516,W2157002241,W1530235965,
2518,W2157002241,W1662191912,
2524,W2157002241,W2096192494,
2528,W2157002241,W2136922672,
2531,W2963090522,W2097268041,
2535,W2963090522,W1534417711,
2537,W2963090522,W1583912456,
2538,W2963090522,W1663973292,
2540,W2963090522,W1906598733,
2541,W2963090522,W1959608418,
2551,W2963090522,W2963173382,
2552,W2963090522,W2166851633,
2553,W2963090522,W2949416428,
2554,W2962897886,W2097268041,
2555,W2962897886,W2135181320,
2556,W2962897886,W1520448186,
2560,W2962897886,W1959608418,
2564,W2962897886,W2036084078,
2566,W2962897886,W2108677974,
2567,W2962897886,W2115979064,
2569,W2962897886,W2119196781,
2574,W2962897886,W2963173382,
2575,W2962897886,W2166851633,
2576,W2962897886,W2951493172,
2577,W2164411961,W2097268041,
2580,W2164411961,W1515272691,
2581,W2164411961,W1520448186,
2582,W2164411961,W1530235965,
2588,W2164411961,W1959608418,
2592,W2164411961,W2036084078,
2594,W2164411961,W2047229728,
2597,W2097018403,W2171490498,
2598,W2097018403,W2082855665,
2599,W2097018403,W2113606819,
2600,W2097018403,W2139427956,
2601,W2097018403,W2155904486,
2667,W2131462252,W2127314673,
2687,W1895577753,W1810943226,
2688,W1895577753,W1527575280,
2689,W1895577753,W1591801644,
2690,W1895577753,W1687846465,
2691,W1895577753,W1614298861,
2697,W1895577753,W2064675550,
2707,W1895577753,W2185175083,
2708,W1895577753,W68733909,
2735,W3035524453,W2025768430,
2736,W3035524453,W2099471712,
2737,W3035524453,W2963420272,
2738,W3035524453,W1536680647,
2739,W3035524453,W1686810756,
2742,W3035524453,W1903029394,
2755,W3035524453,W2194775991,
2756,W3035524453,W2798991696,
2773,W2144898279,W2047229728,
2774,W2144898279,W2115979064,
2775,W2144898279,W1618600317,
2776,W2144898279,W1515272691,
2777,W2144898279,W1663973292,
2778,W2144898279,W1934021597,
2779,W2144898279,W2045656233,
2805,W2964059111,W2047229728,
2806,W2964059111,W2108677974,
2807,W2964059111,W2962897886,
2808,W2964059111,W2119196781,
2813,W2964059111,W1959608418,
2823,W2964059111,W2112796928,
2826,W2964059111,W2166851633,
2827,W2964059111,W2951493172,
2832,W3101380508,W2047229728,
2833,W3101380508,W2962897886,
2834,W3101380508,W2119196781,
2835,W3101380508,W2127498532,
2836,W3101380508,W2139385756,
2837,W3101380508,W2162995719,
2838,W3101380508,W759726671,
2845,W3101380508,W1520448186,
2847,W3101380508,W1530235965,
2850,W3101380508,W1570770495,
2858,W3101380508,W1663973292,
2859,W3101380508,W2963173382,
2860,W3101380508,W1906598733,
2861,W3101380508,W2166851633,
2862,W3101380508,W1955368298,
2863,W3101380508,W1970789124,
2864,W3101380508,W2951493172,
2865,W3101380508,W1934021597,
2866,W3101380508,W1994616650,
2867,W3101380508,W2059424427,
2879,W4313156423,W2102409316,
2880,W4313156423,W2963420272,
2881,W4313156423,W3035524453,
2883,W4313156423,W1686810756,
2886,W4313156423,W2025768430,
2895,W4313156423,W2194775991,
2901,W4313156423,W2798991696,
2902,W4313156423,W3035060554,
2911,W2015861736,W2108665656,
2912,W2015861736,W2171490498,
2931,W2015861736,W2100495367,
2943,W2036084078,W2049633694,
2944,W2036084078,W2115979064,
2993,W1530235965,W1934021597,
3031,W1994618660,W2122925692,
3036,W2963073614,W2099471712,
3037,W2963073614,W2100495367,
3038,W2963073614,W1905829557,
3039,W2963073614,W2019969451,
3040,W2963073614,W2083366168,
3041,W2963073614,W2116013899,
3042,W2963073614,W2173520492,
3043,W2963073614,W2475287302,
3044,W2963073614,W2963420272,
3045,W2963073614,W1522301498,
3049,W2963073614,W1903029394,
3058,W2963073614,W2125389028,
3059,W2963073614,W2405756170,
3060,W2963073614,W2521028896,
3064,W2954996726,W2099471712,
3065,W2954996726,W2173520492,
3066,W2954996726,W2593414223,
3071,W2954996726,W1686810756,
3074,W2954996726,W1903029394,
3085,W2954996726,W2112796928,
3086,W2954996726,W2250539671,
3089,W2125389028,W2099471712,
3090,W2125389028,W2546302380,
3117,W1534417711,W1663973292,
3121,W1534417711,W2049633694,
3122,W1534417711,W2115979064,
3147,W1753482797,W2117130368,
3157,W2603777577,W2953318193,
3158,W2603777577,W2116013899,
3159,W2603777577,W2475287302,
3160,W2603777577,W2545656684,
3161,W2603777577,W2583638424,
3162,W2603777577,W1522301498,
3163,W2603777577,W1686810756,
3166,W2603777577,W1959608418,
3169,W2603777577,W2099471712,
3179,W2603777577,W2405756170,
3181,W2603777577,W2963073614,
3182,W2603777577,W2566832195,
3197,W2115979064,W1662191912,
3199,W2115979064,W1481229783,
3208,W2115979064,W1515272691,
3210,W2115979064,W1520448186,
3218,W2115979064,W2162995719,
3219,W2115979064,W1618600317,
3220,W2115979064,W1934017349,
3240,W1515272691,W1618600317,
3253,W1515272691,W1934017349,
3258,W1515272691,W2047229728,
3266,W601603264,W2164411961,
3267,W601603264,W2119196781,
3272,W601603264,W2047229728,
3275,W601603264,W2108677974,
3277,W601603264,W2112796928,
3283,W601603264,W2166851633,
3335,W2128221272,W2049633694,
3343,W2117756735,W2103633133,
3366,W2170702893,W2103633133,
3380,W2170702893,W1973741448,
3387,W2137570937,W2103633133,
3388,W2137570937,W1662191912,
3406,W2137570937,W1880262756,
3409,W2089497633,W2103633133,
3429,W1973741448,W2103633133,
3450,W2124609748,W2103633133,
3505,W2140190241,W2049633694,
3506,W2140190241,W2159080219,
3507,W2140190241,W1980452149,
3508,W2140190241,W101663867,
3511,W2140190241,W134112423,
3512,W2140190241,W147860157,
3513,W2140190241,W1483135265,
3514,W2140190241,W1483839075,
3516,W2140190241,W1484413656,
3517,W2140190241,W1484833499,
3518,W2140190241,W1485156179,
3520,W2140190241,W1487588218,
3521,W2140190241,W1491318920,
3522,W2140190241,W1491761690,
3524,W2140190241,W1493217831,
3526,W2140190241,W149472151,
3533,W2156267802,W2049633694,
3534,W2156267802,W2045656233,
3562,W2100235918,W2125027820,
3563,W2100235918,W1880262756,
3564,W2100235918,W2797148637,
3565,W2100235918,W2140190241,
3634,W1880262756,W2045656233,
3640,W1880262756,W2126163471,
3690,W2117111086,W2115979064,
3694,W2117111086,W2158266063,
3700,W2127498532,W2115979064,
3704,W2127498532,W1880262756,
3705,W2127498532,W1967687583,
3708,W2127498532,W2020999234,
3722,W2139385756,W1546485431,
3724,W2139385756,W1934021597,
3725,W2139385756,W1984268382,
3726,W2139385756,W2036084078,
3735,W2139385756,W759726671,
3738,W2142508340,W1970789124,
3754,W2158266063,W1880262756,
3755,W2158266063,W2115979064,
3761,W2158266063,W1967687583,
3775,W2162995719,W1520448186,
3788,W2162995719,W2159080219,
3795,W2165599843,W1880262756,
3796,W2165599843,W1994616650,
3801,W2165599843,W2049633694,
3804,W2165599843,W2112447569,
3816,W2187741934,W1880262756,
3817,W2187741934,W1915315806,
3818,W2187741934,W1970789124,
3819,W2187741934,W1994616650,
3833,W759726671,W1663973292,
3835,W759726671,W1934021597,
3836,W759726671,W2049633694,
3840,W759726671,W2125027820,
3844,W2045656233,W2159080219,
3845,W2045656233,W1533179050,
3846,W2045656233,W2126163471,
3847,W2045656233,W2156273867,
3906,W1546485431,W1545319692,
3910,W1546485431,W1970789124,
3915,W1546485431,W2036084078,
3923,W1934021597,W1515272691,
3938,W1984268382,W1481229783,
3951,W1984268382,W2047229728,
3952,W1984268382,W2049633694,
3956,W1984268382,W2102409316,
3962,W1955368298,W2139385756,
3969,W1955368298,W1663973292,
3971,W1955368298,W1880262756,
3973,W1955368298,W1915315806,
3974,W1955368298,W1934021597,
4029,W2159080219,W2142901448,
4031,W2159080219,W113489683,
4032,W2159080219,W117261757,
4033,W2159080219,W122836976,
4034,W2159080219,W13520770,
4035,W2159080219,W142918741,
4036,W2159080219,W143545926,
4037,W2159080219,W145128706,
4040,W2159080219,W1480135136,
4042,W2159080219,W1485493958,
4046,W2159080219,W1495982240,
4050,W2159080219,W2015071685,
4051,W2159080219,W2163166770,
4052,W2159080219,W2797148637,
4053,W2159080219,W62763226,
4054,W2159080219,W165103996,
4055,W2159080219,W2159853262,
4056,W2159080219,W2150191218,
4057,W2159080219,W38794278,
4058,W2159080219,W2126163471,
4059,W2159080219,W2020999234,
4066,W2112447569,W2171490498,
4067,W2112447569,W2082855665,
4081,W2112447569,W1986931325,
4101,W1915315806,W1880262756,
4157,W1570770495,W1481229783,
4169,W1570770495,W2047229728,
4170,W1570770495,W2049633694,
4174,W1570770495,W2115979064,
4240,W2122925692,W1995875735,
4255,W2042925217,W2135346645,
4270,W2042925217,W2151351982,
4273,W1993197592,W2135346645,
4274,W1993197592,W2042925217,
4295,W2151351982,W2135346645,
4298,W2151351982,W1995875735,
4304,W2151351982,W2122925692,
4307,W2936864631,W2135346645,
4309,W2936864631,W1536680647,
4312,W2936864631,W1686810756,
4315,W2936864631,W2113325037,
4318,W2936864631,W2145094598,
4322,W2936864631,W2194775991,
4326,W2936864631,W2587284713,
4395,W1536680647,W1686810756,
4415,W2113325037,W2405601855,
4437,W2587284713,W2951493172,
4438,W2587284713,W1909320841,
4439,W2587284713,W1959608418,
4442,W2587284713,W2166851633,
4443,W2587284713,W2194775991,
4459,W1618600317,W1520448186,
4468,W1618600317,W2049633694,
4472,W1618600317,W2108384452,
4490,W1686266550,W2049633694,
4499,W2223092947,W2166851633,
4500,W2223092947,W1955368298,
4506,W2223092947,W1880262756,
4549,W1980452149,W2015071685,
4550,W1980452149,W1495982240,
4569,W1999432334,W1495982240,
4578,W1999432334,W1980452149,
4662,W1986931325,W2151693816,
4682,W2010161441,W2151693816,
4707,W2082855665,W1986931325,
4776,W2154332973,W2151693816,
4787,W2164647001,W2105464873,
4800,W2022508996,W2171490498,
4801,W2022508996,W2139427956,
4818,W2022508996,W2112796928,
4822,W2546302380,W2171490498,
4823,W2546302380,W2010161441,
4824,W2546302380,W2082855665,
4842,W2546302380,W2097018403,
4873,W2282821441,W2063978378,
4874,W2282821441,W1514535095,
4875,W2282821441,W1905882502,
4957,W1903029394,W2022508996,
4958,W1903029394,W1663973292,
4959,W1903029394,W1686810756,
4990,W2558748708,W2015861736,
4991,W2558748708,W3104097132,
4992,W2558748708,W2519887557,
4996,W2558748708,W1614298861,
4999,W2558748708,W1686810756,
5013,W2558748708,W3105705953,
5018,W3100777112,W2405601855,
5020,W3100777112,W1522301498,
5024,W3100777112,W1832693441,
5039,W2949416428,W2405601855,
5042,W2949416428,W1909320841,
5043,W2949416428,W1959608418,
5059,W2166706236,W2405601855,
5069,W1569098853,W2405601855,
5090,W1503259811,W2405601855,
5095,W1503259811,W1614298861,
5121,W1832693441,W2158899491,
5129,W1832693441,W2112796928,
5162,W2475287302,W2949416428,
5163,W2475287302,W1905829557,
5164,W2475287302,W2116013899,
5165,W2475287302,W1686810756,
5169,W2475287302,W1903029394,
5183,W2475287302,W2583638424,
5184,W2475287302,W2603777577,
5232,W1545319692,W1515272691,
5246,W1545319692,W1546485431,
5252,W1545319692,W2144898279,
5260,W156498718,W2020999234,
5298,W1934017349,W2159080219,
5307,W1992208280,W1994616650,
5325,W2059424427,W1663973292,
5341,W2951595529,W3104819538,
5347,W2951595529,W1909320841,
5348,W2951595529,W1959608418,
5349,W2951595529,W1994616650,
5350,W2951595529,W2047229728,
5352,W2951595529,W2108677974,
5358,W2951595529,W2964059111,
5361,W4206566734,W3104819538,
5364,W4206566734,W1511986666,
5365,W4206566734,W1522301498,
5366,W4206566734,W1583912456,
5370,W4206566734,W177847060,
5373,W4206566734,W1893585201,
5374,W4206566734,W1906598733,
5375,W4206566734,W1909320841,
5377,W4206566734,W1959608418,
5378,W4206566734,W1993845689,
5382,W4206566734,W2592505114,
5383,W2592505114,W3104819538,
5389,W2592505114,W1906598733,
5390,W2592505114,W1909320841,
5391,W2592505114,W1934021597,
5393,W2592505114,W1959608418,
5394,W2592505114,W2047229728,
5396,W2592505114,W2108677974,
5398,W2592505114,W2112796928,
5401,W2592505114,W2164411961,
5435,W2419501139,W1530235965,
5436,W2419501139,W2166944917,
5438,W2419501139,W1522301498,
5440,W2419501139,W1810943226,
5441,W2419501139,W1909320841,
5446,W2419501139,W2099471712,
5451,W2419501139,W2135181320,
5454,W2419501139,W2173520492,
5462,W2577537660,W1545319692,
5463,W2577537660,W2045656233,
5482,W2577537660,W2577537660,
5557,W2759136286,W1994616650,
5558,W2759136286,W3104097132,
5636,W1905829557,W1686810756,
5638,W1905829557,W1903029394,
5650,W1926639317,W1032684693,
5661,W1926639317,W1993120651,
5668,W1926639317,W2055132753,
5670,W1926639317,W2118557299,
5711,W2083366168,W1503398984,
5722,W2083366168,W2019969451,
5733,W2116013899,W1995875735,
5752,W2118557299,W2058017216,
5771,W2143133882,W2058017216,
5803,W2963800363,W2962793481,
5805,W2963800363,W1686810756,
5808,W2963800363,W1903029394,
5809,W2963800363,W1959608418,
5813,W2963800363,W2125389028,
5817,W2963800363,W2194775991,
5822,W2963800363,W2475287302,
5824,W2963800363,W2963444790,
5825,W2963800363,W2963420272,
5826,W2963800363,W2963073614,
5827,W2963800363,W2593414223,
5828,W2963800363,W2521028896,
5829,W2963800363,W2566832195,
5830,W2963767194,W2962793481,
5831,W2963767194,W2173520492,
5832,W2963767194,W1522301498,
5834,W2963767194,W1959608418,
5835,W2963767194,W2099471712,
5836,W2963767194,W2125389028,
5838,W2963767194,W2194775991,
5840,W2963767194,W2405756170,
5843,W2963767194,W2521028896,
5848,W2963767194,W2566832195,
5851,W2963767194,W2963073614,
5852,W2765811365,W2962793481,
5853,W2765811365,W1614298861,
5855,W2765811365,W1959608418,
5859,W2765811365,W2099471712,
5860,W2765811365,W2125389028,
5864,W2765811365,W2405756170,
5865,W2765811365,W2419501139,
5871,W2765811365,W2521028896,
5873,W2765811365,W2963073614,
5874,W2765811365,W2554314924,
5875,W2765811365,W2566832195,
5876,W2962974533,W2962793481,
5877,W2962974533,W2963800363,
5878,W2962974533,W1522301498,
5881,W2962974533,W1959608418,
5882,W2962974533,W1993120651,
5883,W2962974533,W2099471712,
5887,W2962974533,W2194775991,
5891,W2962974533,W2405756170,
5894,W2962974533,W2545656684,
5896,W2962974533,W2593414223,
5897,W2962974533,W2603777577,
5898,W2962974533,W2962770929,
5899,W2962974533,W2785678896,
5912,W2775795276,W2962793481,
5919,W2963444790,W2962793481,
5920,W2963444790,W2083366168,
5923,W2963444790,W1903029394,
5926,W2963444790,W2099471712,
5927,W2963444790,W2125389028,
5931,W2963444790,W2405756170,
5937,W2963444790,W2963073614,
5943,W2963995996,W2962793481,
5945,W2963995996,W1522301498,
5959,W2963995996,W2113325037,
5964,W2963995996,W2593414223,
5981,W1527575280,W1591801644,
5982,W1527575280,W1614298861,
5983,W1527575280,W1686810756,
5984,W1527575280,W1687846465,
5985,W1527575280,W1753482797,
5986,W1527575280,W1810943226,
5987,W1527575280,W1858383477,
5990,W1527575280,W2064675550,
6030,W1032684693,W1993845689,
6035,W1032684693,W2055132753,
6045,W1032684693,W2116013899,
6154,W3043547428,W2173520492,
6155,W3043547428,W1993120651,
6156,W3043547428,W2593414223,
6169,W3043547428,W2194775991,
6198,W4390873054,W2963800363,
6199,W4390873054,W2963767194,
6200,W4390873054,W2962974533,
6201,W4390873054,W2962770929,
6202,W4390873054,W4312933868,
6203,W4390873054,W3162926177,
6207,W4390873054,W2112796928,
6216,W4390873054,W2962793481,
6219,W4390873054,W2963073614,
6231,W2405756170,W1514535095,
6232,W2405756170,W1527575280,
6238,W2405756170,W1893585201,
6239,W2405756170,W1895577753,
6240,W2405756170,W1905882502,
6241,W2405756170,W1947481528,
6242,W2405756170,W2064675550,
6245,W2405756170,W2099471712,
6246,W2405756170,W2125389028,
6251,W2521028896,W1522301498,
6253,W2521028896,W2099471712,
6258,W2521028896,W2173520492,
6272,W2566832195,W1686810756,
6276,W2566832195,W1893585201,
6277,W2566832195,W1909320841,
6278,W2566832195,W1959608418,
6282,W2566832195,W2097268041,
6283,W2566832195,W2099471712,
6284,W2566832195,W2100495367,
6286,W2566832195,W2112796928,
6287,W2566832195,W2116064496,
6289,W2566832195,W2125389028,
6290,W2566832195,W2135181320,
6292,W3121661546,W2963767194,
6293,W3121661546,W2593414223,
6294,W3121661546,W3043547428,
6303,W3121661546,W2099471712,
6371,W1786904711,W1520448186,
6372,W1786904711,W189596042,
6379,W1786904711,W2117130368,
6425,W2583638424,W1686810756,
6431,W2583638424,W2116013899,
6442,W2583638424,W2475287302,
6447,W2768346313,W1522301498,
6453,W2768346313,W2112594540,
6458,W2768346313,W2282821441,
6467,W2785519580,W1786904711,
6471,W2785519580,W1836533770,
6473,W2785519580,W1959608418,
6475,W2785519580,W1994618660,
6480,W2785519580,W2099471712,
6487,W2785519580,W2785961484,
6488,W2785519580,W2166944917,
6492,W2785678896,W2125389028,
6494,W2785678896,W2194775991,
6502,W2785678896,W2580360036,
6514,W2785961484,W2163922914,
6516,W2785961484,W2194775991,
6521,W2785961484,W2753738274,
6524,W3035574324,W2962770929,
6525,W3035574324,W2545656684,
6526,W3035574324,W2603777577,
6527,W3035574324,W2785678896,
6530,W3035574324,W1686810756,
6535,W3035574324,W2194775991,
6545,W3035574324,W2962785568,
6547,W3162926177,W2962770929,
6548,W3162926177,W3036167779,
6549,W3162926177,W1522301498,
6554,W3162926177,W2116064496,
6555,W3162926177,W2125389028,
6569,W3023371261,W2962770929,
6570,W3023371261,W1485009520,
6571,W3023371261,W1520997877,
6573,W3023371261,W1536680647,
6577,W3023371261,W1686810756,
6580,W3023371261,W1895577753,
6581,W3023371261,W1903029394,
6583,W3023371261,W1947481528,
6590,W3023371261,W3035524453,
6591,W3176923149,W2962770929,
6598,W3176923149,W2099471712,
6612,W3176923149,W3176923149,
6613,W3176923149,W2954996726,
6615,W2117130368,W1598003989,
6620,W2117130368,W2112796928,
6679,W2962785568,W2475287302,
6680,W2962785568,W2963420272,
6681,W2962785568,W1520997877,
6682,W2962785568,W2963073614,
6685,W2962785568,W1686810756,
6744,W1836533770,W2025768430,
6749,W1836533770,W2112796928,
6757,W1836533770,W2163922914,
6773,W2580360036,W1522301498,
6774,W2580360036,W1850742715,
6775,W2580360036,W1893585201,
6778,W2580360036,W2099471712,
6781,W2580360036,W2125389028,
6782,W2580360036,W2173520492,
6787,W2580360036,W2419501139,
6789,W2580360036,W2521028896,
6796,W3013529009,W2785678896,
6797,W3013529009,W2962785568,
6798,W3013529009,W2593414223,
6802,W3013529009,W1686810756,
6851,W1485009520,W1514535095,
6852,W1485009520,W1606347560,
6853,W1485009520,W1905882502,
6854,W1485009520,W1947481528,
6856,W1485009520,W1810943226,
6859,W1485009520,W1903029394,
6863,W1485009520,W2064675550,
6877,W1520997877,W189596042,
6883,W1520997877,W2112796928,
6888,W1520997877,W2130325614,
6890,W1520997877,W2139427956,
6891,W1947481528,W1527575280,
6892,W1947481528,W1591801644,
6895,W1947481528,W1686810756,
6896,W1947481528,W1810943226,
6907,W1947481528,W2064675550,
6911,W1947481528,W2185175083,
6912,W1947481528,W68733909,
6940,W1586939924,W1514535095,
6941,W1586939924,W1527575280,
6945,W1586939924,W1591801644,
6948,W1586939924,W1606347560,
6950,W1586939924,W1895577753,
6951,W1586939924,W1905882502,
6952,W1586939924,W1947481528,
6957,W1586939924,W2064675550,
6963,W1591801644,W1753482797,
6965,W1591801644,W1810943226,
6968,W1591801644,W1895577753,
6972,W1591801644,W2064675550,
7018,W1905882502,W1527575280,
7019,W1905882502,W1591801644,
7020,W1905882502,W1687846465,
7021,W1905882502,W1858383477,
7022,W1905882502,W1895577753,
7024,W1905882502,W1686810756,
7030,W1905882502,W1931639407,
7031,W1905882502,W1947481528,
7038,W1905882502,W2250539671,
7039,W1905882502,W2185175083,
7040,W1905882502,W68733909,
7041,W1931639407,W1858383477,
7043,W1931639407,W1514535095,
7045,W1931639407,W1686810756,
7046,W1931639407,W1687846465,
7050,W1931639407,W1895577753,
7053,W1931639407,W1905882502,
7054,W1931639407,W1947481528,
7065,W1969616664,W1687846465,
7066,W1969616664,W1858383477,
7081,W1902237438,W1514535095,
7082,W1902237438,W1591801644,
7083,W1902237438,W1753482797,
7101,W603908379,W1514535095,
7115,W603908379,W2112796928,
7121,W2745461083,W1514535095,
7122,W2745461083,W1905882502,
7123,W2745461083,W1947481528,
7124,W2745461083,W603908379,
7133,W2745461083,W2064675550,
7142,W2470673105,W1514535095,
7145,W2470673105,W1832693441,
7148,W2470673105,W2064675550,
7150,W2470673105,W2112796928,
7203,W2185175083,W1687846465,
7204,W2185175083,W1858383477,
7205,W2185175083,W1647729745,
7206,W2185175083,W2117805756,
7224,W2185175083,W2120779048,
7225,W2185175083,W68733909,
7255,W2962739339,W2064675550,
7256,W2962739339,W1522301498,
7257,W2962739339,W2158899491,
7258,W2962739339,W2250539671,
7276,W2962739339,W2296283641,
7297,W4210257598,W1902237438,
7298,W4210257598,W3104097132,
7299,W4210257598,W2046253692,
7309,W4210257598,W2025768430,
7312,W4210257598,W2064675550,
7318,W4210257598,W2558748708,
7319,W4210257598,W3100848837,
7320,W4210257598,W2393319904,
7382,W2074551195,W1489081407,
7396,W2074551195,W2020999234,
7397,W2074551195,W2025768430,
7401,W2798991696,W2963420272,
7402,W2798991696,W1536680647,
7403,W2798991696,W1686810756,
7405,W2798991696,W1959608418,
7407,W2798991696,W2025768430,
7413,W2798991696,W2099471712,
7417,W2798991696,W2130325614,
7419,W2798991696,W2136922672,
7521,W2557449848,W1511986666,
7522,W2557449848,W1522301498,
7524,W2557449848,W1686810756,
7528,W2557449848,W1893585201,
7529,W2557449848,W1895577753,
7532,W2557449848,W1947481528,
7533,W2557449848,W1959608418,
7536,W2557449848,W1993120651,
7537,W2557449848,W2025768430,
7539,W2585630030,W2099471712,
7540,W2585630030,W2125389028,
7541,W2585630030,W2173520492,
7551,W2585630030,W2521028896,
7562,W2613718673,W1903029394,
7640,W113489683,W2015071685,
7641,W113489683,W2052958516,
7643,W113489683,W2061408624,
7646,W113489683,W2113700325,
7647,W113489683,W2163166770,
7648,W113489683,W2294604761,
7650,W113489683,W2797148637,
7652,W113489683,W62763226,
7653,W117261757,W1279140112,
7655,W117261757,W165103996,
7656,W117261757,W2797148637,
7658,W122836976,W1531751116,
7661,W122836976,W2150191218,
7663,W122836976,W2169602487,
7667,W13520770,W113489683,
7668,W13520770,W62763226,
7669,W13520770,W1522290492,
7673,W13520770,W2015071685,
7681,W13520770,W2797148637,
7686,W142918741,W1522290492,
7687,W142918741,W1549071417,
7690,W142918741,W173004666,
7696,W142918741,W2015071685,
7705,W142918741,W2130915832,
7711,W143545926,W2154069902,
7713,W143545926,W38794278,
7715,W145128706,W1485493958,
7716,W145128706,W1523296148,
7717,W145128706,W1600736227,
7722,W145128706,W2100738443,
7727,W1480135136,W1502279330,
7728,W1480135136,W1531751116,
7734,W1480135136,W1999537009,
7738,W1480135136,W2088135982,
7739,W1480135136,W2106622011,
7740,W1480135136,W2121375212,
7742,W1480135136,W2138695497,
7743,W1480135136,W2144752539,
7745,W1484413656,W2159080219,
7765,W2158899491,W2159080219,
7766,W2158899491,W130850236,
7767,W2158899491,W1505083828,
7768,W2158899491,W1528321674,
7769,W2158899491,W1531859941,
7770,W2158899491,W1535015163,
7775,W2158899491,W1581941705,
7776,W2158899491,W1598003989,
7778,W2158899491,W1773803948,
7781,W2158899491,W1902568950,
7782,W2158899491,W1963993153,
7784,W2158899491,W1988995507,
7785,W2158899491,W1990005915,
7789,W1647729745,W2159080219,
7790,W1647729745,W1509045587,
7793,W1647729745,W1997841190,
7794,W1647729745,W2004131797,
7797,W1647729745,W2038826915,
7798,W1647729745,W2082889357,
7799,W1647729745,W2087739686,
7800,W1647729745,W2102381086,
7801,W1647729745,W2103318667,
7802,W1647729745,W2109779030,
7803,W1647729745,W2117805756,
7804,W1647729745,W2123084125,
7805,W1647729745,W2127314673,
7806,W1647729745,W2136480620,
7824,W2052958516,W1995875735,
7836,W2052958516,W2052958516,
7837,W2052958516,W2294604761,
7855,W2113700325,W2061408624,
7857,W2113700325,W2163166770,
7880,W62763226,W2113700325,
7884,W2020647649,W113489683,
7904,W1975717592,W113489683,
7926,W41895731,W113489683,
7929,W41895731,W2020999234,
7934,W2069138748,W113489683,
7954,W2069138748,W284629942,
7967,W1989020770,W2015071685,
7968,W1989020770,W2294604761,
7969,W1989020770,W1495982240,
7970,W1989020770,W1980452149,
7990,W1989020770,W1999432334,
7991,W1989020770,W1988814833,
7992,W1989020770,W89983288,
8039,W2071039357,W62763226,
8040,W2071039357,W117261757,
8041,W2071039357,W165103996,
8047,W2071039357,W142918741,
8056,W2071039357,W1522290492,
8058,W2071039357,W1549071417,
8061,W2071039357,W173004666,
8064,W2016665860,W62763226,
8065,W2016665860,W142918741,
8066,W2016665860,W113489683,
8068,W2016665860,W13520770,
8070,W2016665860,W1522290492,
8084,W2016665860,W2015071685,
8108,W1522290492,W2797148637,
8112,W2039125701,W13520770,
8113,W2039125701,W2071039357,
8114,W2039125701,W1531751116,
8115,W2039125701,W142918741,
8183,W2093713825,W117261757,
8184,W2093713825,W145128706,
8203,W2093713825,W2169602487,
8206,W2155397158,W117261757,
8226,W1579248359,W117261757,
8227,W1579248359,W142918741,
8247,W2159853262,W117261757,
8248,W2159853262,W165103996,
8330,W1549071417,W2130915832,
8370,W1531751116,W2088135982,
8382,W2169602487,W2100738443,
8393,W2143336154,W122836976,
8395,W2143336154,W186758419,
8400,W2143336154,W2159080219,
8404,W2047463693,W122836976,
8419,W2047463693,W1531751116,
8424,W2040804169,W122836976,
8444,W284629942,W122836976,
8464,W28460116,W122836976,
8484,W186758419,W122836976,
8491,W186758419,W2150191218,
8493,W186758419,W2169602487,
8510,W2088135982,W2106622011,
8513,W2088135982,W2121375212,
8607,W2113634327,W186758419,
8608,W2113634327,W145128706,
8637,W173004666,W2797148637,
8654,W2157676069,W142918741,
8655,W2157676069,W1549071417,
8656,W2157676069,W173004666,
8658,W2157676069,W117261757,
8663,W2157676069,W1522290492,
8738,W2154069902,W1495982240,
8748,W2154069902,W38794278,
8761,W2148546044,W143545926,
8784,W1562027785,W143545926,
8786,W1562027785,W145128706,
8790,W1562027785,W1597829571,
8805,W1597829571,W143545926,
8820,W1597829571,W2159080219,
8827,W2152936123,W143545926,
8832,W2152936123,W1562027785,
8915,W1600736227,W1485493958,
8935,W3099451540,W145128706,
8955,W3099451540,W2038897673,
8959,W2038897673,W145128706,
9032,W1502279330,W1480135136,
9041,W1502279330,W1999537009,
9044,W1502279330,W2088135982,
9046,W1502279330,W2144752539,
9049,W1999537009,W1480135136,
9050,W1999537009,W1502279330,
9064,W1999537009,W2088135982,
9067,W1999537009,W2121375212,
9087,W2144752539,W2088135982,
9100,W2293413371,W1480135136,
9115,W2067887313,W1480135136,
9116,W2067887313,W1999537009,
9129,W2067887313,W2106622011,
9136,W2016917647,W1480135136,
9244,W1988814833,W1495982240,
9256,W1988814833,W1980452149,
9257,W1988814833,W1999432334,
9265,W89983288,W1495982240,
9335,W147860157,W2049633694,
9417,W1491318920,W1484413656,
9461,W2102831150,W2140190241,
9607,W1951724000,W2045656233,
9627,W2098126593,W2045656233,
9647,W2158196600,W2045656233,
9667,W1617328014,W2045656233,
9689,W2144673831,W2045656233,
9814,W1497163089,W2121250409,
9849,W1585529040,W2159080219,
9856,W2001325956,W1497163089,
9867,W2001325956,W2099352187,
9893,W2037933327,W2037933327,
9902,W2045107949,W2045107949,
9914,W2046253692,W1497163089,
9918,W2046253692,W1511160855,
9919,W2046253692,W1585529040,
9927,W2046253692,W2020999234,
9934,W2046253692,W2099352187,
9935,W2086254934,W2045107949,
9946,W2086254934,W2086254934,
9956,W2099352187,W1497163089,
9961,W2099352187,W2020999234,
9975,W2105543219,W147860157,
9976,W2105543219,W1497163089,
9977,W2105543219,W1585529040,
9982,W2105543219,W2046253692,
10033,W2121250409,W2049633694,
10060,W3152893301,W3104097132,
10061,W3152893301,W2962756421,
10069,W3152893301,W2064675550,
10075,W3152893301,W2112796928,
10082,W3152893301,W4210257598,
10083,W3152893301,W2558748708,
10084,W3152893301,W3100848837,
10085,W3152893301,W2624431344,
10086,W3152893301,W3105705953,
10087,W3100848837,W3104097132,
10088,W3100848837,W2962756421,
10089,W3100848837,W2519887557,
10090,W3100848837,W2558748708,
10093,W3100848837,W1686810756,
10109,W3100848837,W2624431344,
10110,W2624431344,W3104097132,
10111,W2624431344,W2962756421,
10117,W2624431344,W2064675550,
10127,W2624431344,W2393319904,
10132,W2624431344,W3105705953,
10133,W3105705953,W3104097132,
10134,W3105705953,W2037933327,
10136,W3105705953,W1614298861,
10145,W3105705953,W2131744502,
10154,W2393319904,W3104097132,
10155,W2393319904,W2037933327,
10156,W2393319904,W2046253692,
10157,W2393319904,W2105543219,
10158,W2393319904,W3105705953,
10165,W2393319904,W2072128103,
10170,W2393319904,W2100495367,
10173,W2393319904,W2118585731,
10175,W2393319904,W2136922672,
10205,W2296283641,W1614298861,
10206,W2296283641,W2158899491,
10208,W2296283641,W1522301498,
10220,W2296283641,W2064675550,
10309,W2127314673,W2123084125,
10313,W2127314673,W2049633694,
10322,W2131744502,W2131462252,
10323,W2131744502,W2158899491,
10336,W2131744502,W2117130368,
10403,W130850236,W2127314673,
10494,W1963993153,W1535015163,
10501,W1963993153,W1988995507,
10551,W1990005915,W2142901448,
10554,W2792764867,W2158899491,
10560,W2792764867,W1810943226,
10562,W2792764867,W1903029394,
10569,W2792764867,W2112796928,
10570,W2792764867,W2117130368,
10575,W2604319603,W2158899491,
10585,W2604319603,W1686810756,
10594,W2604319603,W1903029394,
10596,W2604319603,W2963674932,
10597,W2963674932,W2158899491,
10607,W2963674932,W2112796928,
10650,W2123084125,W1528321674,
10712,W2436001372,W1988995507,
10713,W2436001372,W1647729745,
10714,W2436001372,W2087739686,
10715,W2436001372,W2117805756,
10736,W2436001372,W2136930489,
10831,W1509045587,W2127314673,
10873,W2004131797,W2100738443,
10886,W2038826915,W2123084125,
10887,W2038826915,W2127314673,
10904,W2082889357,W2087739686,
10910,W2087739686,W2004131797,
10950,W2102381086,W2103318667,
10965,W2117805756,W2082889357,
10966,W2117805756,W2087739686,
10967,W2117805756,W2103318667,
10980,W2117805756,W2102381086,
10995,W1659833910,W1647729745,
10996,W1659833910,W2082889357,
10997,W1659833910,W2087739686,
10998,W1659833910,W2102381086,
10999,W1659833910,W2103318667,
11000,W1659833910,W2127314673,
11001,W1659833910,W2136480620,
11021,W2120779048,W1647729745,
11022,W2120779048,W2103318667,
11023,W2120779048,W1659833910,
11029,W2120779048,W1566018662,
11042,W2120779048,W2136930489,
11043,W2136930489,W1647729745,
11044,W2136930489,W2082889357,
11045,W2136930489,W2087739686,
11046,W2136930489,W2117805756,
11047,W2136930489,W2136480620,
11067,W68733909,W1647729745,
11073,W68733909,W1527575280,
11077,W68733909,W1687846465,
11080,W68733909,W1858383477,
11082,W68733909,W1895577753,
11087,W1566018662,W1647729745,
11088,W1566018662,W2136480620,
11226,W2963073614,W1522301498,1.0
11228,W2963073614,W1903029394,5.0
11229,W2963073614,W1905829557,6.0
11233,W2963073614,W2019969451,10.0
11235,W2963073614,W2083366168,12.0
11239,W2963073614,W2099471712,16.0
11240,W2963073614,W2100495367,17.0
11241,W2963073614,W2116013899,18.0
11242,W2963073614,W2125389028,20.0
11247,W2965373594,W131533222,25.0
11249,W2965373594,W1599016936,27.0
11251,W2965373594,W2170973209,30.0
11252,W2965373594,W2251939518,31.0
11253,W2965373594,W2462831000,33.0
11254,W2965373594,W2784121710,35.0
11255,W2965373594,W2805206884,37.0
11256,W2965373594,W2899663614,38.0
11257,W2965373594,W2914120296,40.0
11258,W2965373594,W2914526845,41.0
11259,W2965373594,W2920812691,42.0
11260,W2965373594,W2930786691,43.0
11262,W2965373594,W2963403868,45.0
11306,W2962739339,W1522301498,93.0
11308,W2962739339,W2251939518,95.0
11314,W2962739339,W2064675550,101.0
11324,W2962739339,W2158899491,111.0
11348,W1514535095,W1527575280,143.0
11349,W1514535095,W1586939924,144.0
11350,W1514535095,W1591801644,145.0
11351,W1514535095,W1606347560,146.0
11352,W1514535095,W1686810756,147.0
11353,W1514535095,W1687846465,148.0
11354,W1514535095,W1753482797,149.0
11355,W1514535095,W1810943226,150.0
11356,W1514535095,W1850742715,151.0
11357,W1514535095,W1858383477,152.0
11358,W1514535095,W1895577753,154.0
11359,W1514535095,W1905882502,155.0
11360,W1514535095,W1909320841,156.0
11361,W1514535095,W1931639407,157.0
11362,W1514535095,W1947481528,158.0
11363,W1514535095,W1959608418,159.0
11364,W1514535095,W1969616664,160.0
11365,W1514535095,W2064675550,162.0
11374,W2525778437,W1968594024,187.0
11375,W2525778437,W2121879602,188.0
11376,W2525778437,W2251743902,189.0
11377,W1522301498,W1810943226,193.0
11379,W1522301498,W2100495367,197.0
11382,W1903029394,W1686810756,241.0
11385,W1903029394,W2125215748,257.0
11386,W1905829557,W1686810756,264.0
11387,W1905829557,W1903029394,266.0
11395,W2083366168,W2019969451,389.0
11397,W2099471712,W1606347560,457.0
11398,W2099471712,W1909320841,462.0
11399,W2099471712,W1959608418,463.0
11400,W2125389028,W2099471712,498.0
11401,W2962793481,W2963073614,513.0
11402,W2962793481,W1905829557,514.0
11403,W2962793481,W2019969451,515.0
11404,W2962793481,W2083366168,516.0
11405,W2962793481,W2099471712,517.0
11406,W2962793481,W2100495367,518.0
11407,W2962793481,W2116013899,519.0
11408,W2962793481,W1686810756,522.0
11409,W2962793481,W1903029394,524.0
11410,W2962793481,W1959608418,526.0
11411,W2962793481,W2194775991,533.0
11414,W2962785568,W2963073614,536.0
11416,W2962785568,W1686810756,540.0
11420,W4312933868,W2963073614,559.0
11421,W4312933868,W2125389028,560.0
11422,W4312933868,W2962785568,561.0
11423,W4312933868,W1686810756,563.0
11424,W4312933868,W1909320841,566.0
11425,W4312933868,W1959608418,567.0
11428,W4312933868,W2980282514,581.0
11429,W4312933868,W4385245566,582.0
11430,W2593414223,W2963073614,583.0
11431,W2593414223,W2125389028,584.0
11432,W2593414223,W1522301498,585.0
11433,W2593414223,W1686810756,586.0
11434,W2593414223,W1903029394,588.0
11435,W2593414223,W1959608418,589.0
11436,W2593414223,W2099471712,590.0
11437,W2593414223,W2100495367,591.0
11438,W2593414223,W2194775991,594.0
11440,W2603777577,W2963073614,605.0
11442,W2603777577,W2116013899,607.0
11443,W2603777577,W1522301498,608.0
11444,W2603777577,W1686810756,609.0
11446,W2603777577,W1959608418,612.0
11447,W2603777577,W2099471712,614.0
11449,W2963800363,W2963073614,626.0
11451,W2963800363,W2125389028,628.0
11452,W2963800363,W2962793481,629.0
11453,W2963800363,W2593414223,630.0
11454,W2963800363,W1686810756,632.0
11455,W2963800363,W1903029394,635.0
11456,W2963800363,W1959608418,636.0
11457,W2963800363,W2194775991,642.0
11461,W2963800363,W2560023338,651.0
11462,W2963767194,W2963073614,652.0
11463,W2963767194,W2125389028,653.0
11464,W2963767194,W2962793481,654.0
11465,W2963767194,W1522301498,655.0
11466,W2963767194,W1959608418,657.0
11467,W2963767194,W2099471712,658.0
11468,W2963767194,W2194775991,661.0
11471,W2765811365,W2963073614,676.0
11472,W2765811365,W2125389028,677.0
11473,W2765811365,W2962793481,678.0
11475,W2765811365,W1959608418,681.0
11476,W2765811365,W2099471712,685.0
11490,W1810943226,W2064675550,751.0
11517,W2194775991,W1903029394,864.0
11521,W2194775991,W1686810756,873.0
11522,W2194775991,W2064675550,885.0
11524,W2752782242,W1903029394,900.0
11525,W2752782242,W2194775991,901.0
11526,W2752782242,W2963403868,902.0
11528,W2752782242,W1686810756,904.0
11530,W2752782242,W2064675550,906.0
11531,W2752782242,W1514535095,907.0
11532,W2752782242,W603908379,921.0
11533,W2752782242,W2549139847,922.0
11536,W2560023338,W2125215748,936.0
11539,W2560023338,W1686810756,941.0
11540,W2560023338,W1903029394,946.0
11543,W1686810756,W1527575280,959.0
11572,W2048695508,W2037133587,1197.0
11573,W2048695508,W2056370875,1207.0
11609,W1978749115,W2056370875,1293.0
11610,W1909320841,W2144898279,1326.0
11611,W2954996726,W2099471712,1361.0
11612,W2954996726,W2593414223,1362.0
11616,W2954996726,W1686810756,1370.0
11617,W2954996726,W1903029394,1372.0
11621,W2954996726,W2402144811,1385.0
11653,W3121661546,W2593414223,1591.0
11654,W3121661546,W2963767194,1592.0
11657,W3121661546,W2099471712,1602.0
11673,W2170973209,W1591801644,1769.0
11674,W2170973209,W1810943226,1772.0
11675,W2170973209,W1895577753,1775.0
11676,W2170973209,W2064675550,1778.0
11679,W2784121710,W1903029394,1827.0
11680,W2784121710,W2194775991,1839.0
11681,W2805206884,W1599016936,1844.0
11683,W2805206884,W2064675550,1849.0
11686,W2805206884,W2170973209,1858.0
11687,W2805206884,W2194775991,1859.0
11690,W2914120296,W2462831000,1884.0
11691,W2914120296,W1522301498,1885.0
11692,W2914120296,W2064675550,1887.0
11693,W2914120296,W2251939518,1892.0
11694,W2914526845,W131533222,1904.0
11695,W2914526845,W1522301498,1905.0
11696,W2914526845,W1599016936,1906.0
11698,W2914526845,W2158899491,1911.0
11699,W2914526845,W2251939518,1912.0
11700,W2920812691,W131533222,1925.0
11703,W2920812691,W2170973209,1930.0
11704,W2920812691,W2194775991,1931.0
11705,W2920812691,W2251939518,1932.0
11707,W2920812691,W2962739339,1940.0
11742,W2978017171,W2965373594,2040.0
11745,W2996428491,W2965373594,2058.0
11746,W2996428491,W131533222,2059.0
11747,W2996428491,W1599016936,2060.0
11748,W2996428491,W2170973209,2061.0
11749,W2996428491,W2805206884,2062.0
11750,W2996428491,W2899663614,2063.0
11751,W2996428491,W2930786691,2064.0
11753,W2996428491,W2251939518,2071.0
11756,W2996428491,W2963631907,2081.0
11769,W2980282514,W2965373594,2108.0
11770,W2980282514,W2978017171,2109.0
11773,W2980282514,W2963403868,2126.0
11801,W1527575280,W1591801644,2235.0
11802,W1527575280,W1686810756,2237.0
11803,W1527575280,W1687846465,2238.0
11804,W1527575280,W1753482797,2239.0
11805,W1527575280,W1810943226,2240.0
11806,W1527575280,W1858383477,2241.0
11807,W1527575280,W2064675550,2244.0
11809,W1905882502,W1527575280,2273.0
11810,W1905882502,W1591801644,2274.0
11811,W1905882502,W1687846465,2275.0
11812,W1905882502,W1858383477,2276.0
11813,W1905882502,W1895577753,2277.0
11814,W1905882502,W1686810756,2279.0
11815,W1905882502,W1931639407,2285.0
11816,W1905882502,W1947481528,2286.0
11818,W1591801644,W1753482797,2363.0
11819,W1591801644,W1810943226,2365.0
11820,W1591801644,W1895577753,2368.0
11821,W1591801644,W2064675550,2372.0
11822,W1895577753,W1527575280,2383.0
11823,W1895577753,W1591801644,2384.0
11824,W1895577753,W1687846465,2385.0
11825,W1895577753,W1810943226,2386.0
11827,W1895577753,W2064675550,2393.0
11857,W4225672218,W2899663614,2584.0
11861,W4225672218,W3170841864,2588.0
11862,W4225672218,W3207918547,2589.0
11865,W4225672218,W2056370875,2595.0
11869,W4225672218,W3171125843,2612.0
11870,W4225672218,W3170697543,2613.0
11882,W1902237438,W1514535095,2731.0
11883,W1902237438,W1591801644,2732.0
11884,W1902237438,W1753482797,2733.0
11896,W2799269579,W1903029394,2946.0
11897,W2799269579,W1905829557,2947.0
11899,W2799269579,W2194775991,2957.0
11900,W2799269579,W2549139847,2963.0
11901,W2931316642,W1905882502,2964.0
11902,W2931316642,W2525778437,2972.0
11903,W2937843571,W2064675550,2985.0
11906,W2937843571,W2194775991,2992.0
11907,W2937843571,W2549139847,2997.0
11909,W2948798935,W1522301498,3024.0
11910,W2948798935,W1902237438,3028.0
11911,W2948798935,W2194775991,3032.0
11912,W2948798935,W2525778437,3034.0
11913,W2948798935,W2962739339,3043.0
11916,W2950739196,W1753482797,3061.0
11919,W2962843773,W1686810756,3072.0
11922,W4313156423,W1686810756,3093.0
11927,W4313156423,W2194775991,3106.0
11931,W4313156423,W4385245566,3115.0
11953,W3170841864,W1686810756,3166.0
11954,W3170841864,W1903029394,3169.0
11956,W3170841864,W2125215748,3172.0
11957,W3170841864,W2194775991,3173.0
11960,W3170841864,W2560023338,3177.0
11961,W3170841864,W2598666589,3179.0
11962,W3170841864,W2630837129,3180.0
11963,W3170841864,W2799213142,3181.0
11965,W3170841864,W2955058313,3186.0
11966,W3170841864,W2981689412,3187.0
11969,W3207918547,W3170841864,3190.0
11970,W3207918547,W1906770428,3193.0
11972,W3207918547,W2048695508,3198.0
11973,W3207918547,W2056370875,3199.0
11976,W3207918547,W2964101377,3212.0
11978,W3207918547,W2964125708,3214.0
11979,W3207918547,W3171125843,3215.0
11982,W3121523901,W1686810756,3219.0
11984,W3121523901,W2194775991,3223.0
11985,W3121523901,W2549139847,3226.0
11986,W3121523901,W2752782242,3230.0
11988,W3121523901,W3171125843,3238.0
11989,W3121523901,W2955058313,3239.0
11990,W1850742715,W1522301498,3274.0
11991,W1850742715,W1810943226,3276.0
11992,W1850742715,W1909320841,3279.0
11993,W1850742715,W1959608418,3280.0
11994,W1850742715,W2064675550,3283.0
11995,W1850742715,W2100495367,3286.0
11996,W2963420686,W2963403868,3302.0
11999,W2963420686,W2064675550,3305.0
12000,W2963420686,W1514535095,3306.0
12001,W2963420686,W1686810756,3311.0
12003,W2963420686,W1903029394,3314.0
12004,W2963420686,W603908379,3323.0
12005,W2963420686,W2549139847,3324.0
12006,W2963420686,W4385245566,3325.0
12007,W2549139847,W2525778437,3330.0
12009,W2549139847,W1686810756,3335.0
12011,W2549139847,W1903029394,3338.0
12023,W1947481528,W1527575280,3436.0
12024,W1947481528,W1591801644,3437.0
12025,W1947481528,W1686810756,3440.0
12026,W1947481528,W1810943226,3441.0
12027,W1947481528,W2064675550,3452.0
12028,W2037642501,W2037133587,3456.0
12029,W2037642501,W2056370875,3460.0
12031,W2955058313,W4385245566,3497.0
12032,W2955058313,W1903029394,3499.0
12033,W2955058313,W1909234690,3500.0
12034,W2955058313,W1961891967,3501.0
12035,W2955058313,W2125215748,3503.0
12038,W2955058313,W2560023338,3507.0
12039,W2955058313,W2563705555,3508.0
12041,W2955058313,W2597655663,3510.0
12042,W2955058313,W2598666589,3511.0
12043,W2955058313,W2623546809,3512.0
12044,W2955058313,W2630837129,3513.0
12045,W2955058313,W2745943519,3514.0
12046,W2955058313,W2798791840,3515.0
12047,W2955058313,W2799213142,3516.0
12050,W3177052299,W2955058313,3520.0
12051,W3177052299,W2560023338,3521.0
12052,W3177052299,W2630837129,3522.0
12053,W3177052299,W1514535095,3524.0
12054,W3177052299,W1686810756,3525.0
12056,W3177052299,W2194775991,3533.0
12058,W3177052299,W2549139847,3535.0
12059,W3177052299,W2752782242,3537.0
12060,W3177052299,W2981689412,3541.0
12070,W4212875960,W3170841864,3624.0
12071,W4212875960,W2955058313,3625.0
12075,W2598666589,W1686810756,3691.0
12077,W2598666589,W1903029394,3698.0
12079,W2799213142,W2563705555,3712.0
12081,W2799213142,W1522301498,3714.0
12083,W2799213142,W1903029394,3718.0
12086,W2799213142,W2194775991,3724.0
12089,W2799213142,W2560023338,3729.0
12090,W2799213142,W2598666589,3730.0
12091,W2799213142,W2630837129,3731.0
12093,W1906770428,W1915360731,3749.0
12095,W1906770428,W1978749115,3755.0
12096,W1906770428,W2037133587,3758.0
12097,W1906770428,W2048695508,3759.0
12115,W1949096787,W2035677848,3921.0
12124,W2964101377,W1983781364,4031.0
12126,W2964101377,W1522301498,4034.0
12127,W2964101377,W2194775991,4047.0
12129,W2964101377,W2964125708,4050.0
12130,W2964101377,W2739757502,4051.0
12133,W2964125708,W1906770428,4101.0
12134,W2964125708,W2048695508,4102.0
12139,W2964125708,W2056370875,4114.0
12144,W2739757502,W1903029394,4126.0
12145,W2739757502,W2056370875,4130.0
12146,W2739757502,W2194775991,4137.0
12147,W3171125843,W2964101377,4199.0
12149,W3171125843,W1906770428,4201.0
12151,W3171125843,W2964125708,4203.0
12152,W3171125843,W1686810756,4204.0
12155,W3171125843,W2194775991,4210.0
12179,W2470673105,W1514535095,4444.0
12180,W2470673105,W2064675550,4449.0
12183,W2282821441,W1514535095,4513.0
12184,W2282821441,W1905882502,4514.0
12185,W1805346680,W2037642501,4602.0
12186,W1805346680,W2056370875,4605.0
12188,W1915360731,W2037133587,4625.0
12189,W1915360731,W2048695508,4629.0
12193,W2037133587,W2056370875,4681.0
12194,W2051834767,W2056370875,4698.0
12197,W2574952845,W1915360731,4716.0
12198,W2574952845,W2037642501,4717.0
12200,W2574952845,W1903029394,4724.0
12201,W2574952845,W1963882359,4725.0
12204,W3170697543,W1522301498,4738.0
12206,W3170697543,W2037642501,4744.0
12207,W3170697543,W2056370875,4746.0
12209,W1586939924,W1514535095,4861.0
12210,W1586939924,W1527575280,4862.0
12211,W1586939924,W1591801644,4866.0
12212,W1586939924,W1606347560,4869.0
12213,W1586939924,W1895577753,4871.0
12214,W1586939924,W1905882502,4872.0
12215,W1586939924,W1947481528,4873.0
12216,W1586939924,W2064675550,4878.0
12218,W1931639407,W1858383477,4919.0
12219,W1931639407,W1514535095,4921.0
12220,W1931639407,W1686810756,4923.0
12221,W1931639407,W1687846465,4924.0
12222,W1931639407,W1895577753,4928.0
12223,W1931639407,W1905882502,4931.0
12224,W1931639407,W1947481528,4932.0
12225,W1969616664,W1687846465,4943.0
12226,W1969616664,W1858383477,4944.0
12227,W603908379,W1514535095,4959.0
12229,W1485009520,W1514535095,4979.0
12230,W1485009520,W1606347560,4980.0
12231,W1485009520,W1905882502,4981.0
12232,W1485009520,W1947481528,4982.0
12233,W1485009520,W1810943226,4984.0
12234,W1485009520,W1903029394,4987.0
12235,W1485009520,W2064675550,4991.0
12236,W2745461083,W1514535095,4999.0
12237,W2745461083,W1905882502,5000.0
12238,W2745461083,W1947481528,5001.0
12239,W2745461083,W603908379,5002.0
12240,W2745461083,W2064675550,5011.0
12248,W4210257598,W1902237438,5150.0
12249,W4210257598,W2525778437,5151.0
12250,W4210257598,W2064675550,5165.0
12255,W1968594024,W1968594024,5228.0
12256,W2251743902,W1606347560,5241.0
12257,W2251743902,W1753482797,5242.0
12258,W2251743902,W2158899491,5251.0
12259,W2402144811,W2525778437,5260.0
12267,W2753160622,W2525778437,5323.0
12268,W2753160622,W2064675550,5326.0
12269,W2753160622,W2194775991,5333.0
12272,W1909234690,W1810943226,5406.0
12273,W1909234690,W2064675550,5412.0
12276,W2563705555,W2125215748,5442.0
12277,W2563705555,W1686810756,5447.0
12278,W2563705555,W1903029394,5452.0
12279,W2563705555,W1905829557,5453.0
12286,W2623546809,W1686810756,5487.0
12287,W2623546809,W1903029394,5494.0
12288,W2623546809,W1909234690,5495.0
12290,W2745943519,W1903029394,5506.0
12292,W2745943519,W2194775991,5517.0
12294,W2745943519,W2560023338,5522.0
12295,W2798791840,W2623546809,5523.0
12296,W2798791840,W1686810756,5528.0
12297,W2798791840,W1903029394,5534.0
12298,W2798791840,W1909234690,5535.0
12300,W3014641072,W2955058313,5544.0
12301,W3014641072,W2125215748,5545.0
12302,W3014641072,W2560023338,5546.0
12303,W3014641072,W2563705555,5547.0
12305,W3014641072,W2598666589,5549.0
12306,W3014641072,W2630837129,5550.0
12307,W3014641072,W2798791840,5551.0
12308,W3014641072,W1522301498,5553.0
12309,W3014641072,W1686810756,5554.0
12310,W3014641072,W1903029394,5559.0
12313,W3014641072,W2194775991,5566.0
12315,W3014641072,W2981689412,5571.0
12316,W2981689412,W2955058313,5572.0
12317,W2981689412,W2563705555,5573.0
12319,W2981689412,W2598666589,5575.0
12320,W2981689412,W2798791840,5576.0
12321,W2981689412,W2799213142,5577.0
12322,W2981689412,W1903029394,5581.0
12324,W2981689412,W2194775991,5586.0
12327,W2981689412,W2560023338,5591.0
12328,W2981689412,W2630837129,5593.0
12353,W2120611093,W1996835973,5737.0
12354,W2120611093,W2013184405,5740.0
12355,W2120611093,W2023998798,5741.0
12356,W2120611093,W2082928585,5744.0
12357,W2120611093,W2099364951,5746.0
12358,W2120611093,W2101846955,5747.0
12368,W2112315008,W2012735201,5793.0
12370,W2112315008,W2026257972,5795.0
12372,W2111684210,W1489838709,5804.0
12373,W2111684210,W1492075988,5805.0
12374,W2111684210,W1512882103,5806.0
12376,W2111684210,W1561032708,5810.0
12378,W2111684210,W1611898144,5812.0
12379,W2111684210,W1668720348,5813.0
12380,W2111684210,W1973628995,5814.0
12381,W2111684210,W1987515496,5817.0
12382,W2111684210,W1994040168,5818.0
12383,W2111684210,W2020301958,5819.0
12384,W2111684210,W2021811323,5820.0
12385,W2111684210,W2034562813,5821.0
12387,W2097601813,W2112315008,5823.0
12389,W2097601813,W1599304806,5825.0
12390,W2097601813,W1844182505,5827.0
12391,W2097601813,W1967360417,5829.0
12392,W2097601813,W1979467831,5831.0
12393,W2097601813,W1983436597,5833.0
12394,W2097601813,W1989594892,5834.0
12395,W2097601813,W1996132275,5835.0
12396,W2097601813,W2002900408,5837.0
12397,W2097601813,W2012735201,5840.0
12398,W2097601813,W2015628143,5841.0
12399,W2097601813,W2020867281,5842.0
12400,W2097601813,W2135695572,5843.0
12402,W2135695572,W2112315008,5845.0
12403,W2135695572,W1599304806,5846.0
12406,W2135695572,W1599871777,5851.0
12408,W2135695572,W1680392829,5853.0
12409,W2135695572,W191383808,5854.0
12410,W2135695572,W1932590463,5855.0
12411,W2135695572,W1963998078,5856.0
12412,W2135695572,W1969423031,5857.0
12413,W2135695572,W1998479140,5858.0
12415,W2135695572,W2026257972,5860.0
12416,W2135695572,W2035983506,5861.0
12417,W2135695572,W2084341220,5864.0
12419,W141760394,W141760394,5925.0
12420,W1969175201,W1494853941,6031.0
12421,W1974315578,W1494853941,6069.0
12422,W1974315578,W2034562813,6082.0
12442,W1584343945,W2111684210,6409.0
12443,W1584343945,W1599304806,6414.0
12444,W1998025025,W2112315008,6449.0
12445,W1998025025,W2111684210,6450.0
12447,W1998025025,W2100533358,6471.0
12449,W1568201516,W2112315008,6475.0
12450,W1568201516,W2097601813,6476.0
12451,W1568201516,W2012735201,6477.0
12453,W1568201516,W2100533358,6497.0
12463,W2013184405,W1969423031,6611.0
12465,W2013184405,W2023998798,6620.0
12466,W2013184405,W2034562813,6622.0
12468,W2099364951,W2023998798,6667.0
12469,W2099364951,W2082928585,6672.0
12470,W2099364951,W2101846955,6674.0
12473,W2101846955,W2013184405,6682.0
12474,W2101846955,W2023998798,6683.0
12475,W2101846955,W2082928585,6684.0
12476,W2148698435,W2120611093,6703.0
12477,W2148698435,W2082928585,6704.0
12478,W2133870991,W2120611093,6729.0
12479,W2117801354,W2120611093,6749.0
12480,W2969866109,W2120611093,6766.0
12481,W2969866109,W2148698435,6767.0
12482,W2969866109,W2082928585,6771.0
12483,W2036839190,W2120611093,6786.0
12484,W2036839190,W2148698435,6787.0
12485,W2161787041,W2120611093,6808.0
12486,W2588207325,W2120611093,6829.0
12487,W2951214599,W2120611093,6850.0
12488,W2951214599,W2023998798,6860.0
12489,W2951214599,W2082928585,6865.0
12492,W1994040168,W2015628143,7051.0
12493,W2020301958,W1492075988,7065.0
12494,W2020301958,W2002900408,7071.0
12495,W2020301958,W2012735201,7073.0
12496,W1590050327,W2111684210,7085.0
12497,W1590050327,W1644145788,7088.0
12498,W1644145788,W2111684210,7101.0
12499,W1644145788,W2035983506,7111.0
12500,W2784805535,W2111684210,7121.0
12501,W2784805535,W1998025025,7122.0
12502,W3035663944,W2111684210,7143.0
12504,W3035663944,W1489838709,7145.0
12505,W2187279102,W2111684210,7166.0
12507,W2015628143,W1494853941,7256.0
12509,W2168113371,W1998025025,7329.0
12510,W2168113371,W2135695572,7330.0
12512,W2109735604,W1998025025,7351.0
12513,W2109735604,W2097601813,7352.0
12514,W2109735604,W1568201516,7353.0
12515,W1599304806,W191383808,7383.0
12517,W1599304806,W2034562813,7393.0
12518,W1599304806,W2035983506,7394.0
12519,W1967360417,W1844182505,7482.0
12520,W2100533358,W2097601813,7584.0
12522,W2100533358,W191383808,7591.0
12524,W2100533358,W2035983506,7604.0
12525,W2100533358,W2135695572,7605.0
12526,W2104024599,W2097601813,7606.0
12528,W2104024599,W2135695572,7627.0
12529,W2104024599,W2026257972,7628.0
12530,W2127367934,W2097601813,7629.0
12531,W1969126720,W2097601813,7650.0
12532,W1969126720,W2052583540,7660.0
12533,W1969126720,W2100226004,7666.0
12534,W1969126720,W2109735604,7670.0
12535,W1530451520,W2097601813,7672.0
12536,W2052583540,W2097601813,7693.0
12537,W2052583540,W1568201516,7694.0
12538,W2052583540,W2100533358,7695.0
12539,W2052583540,W2109735604,7696.0
12541,W2100226004,W2015628143,7804.0
12542,W2100226004,W2100533358,7805.0
12543,W2100226004,W2135695572,7806.0
12544,W2100226004,W1967360417,7826.0
12553,W2125847307,W2135695572,8063.0
12555,W2125847307,W2084341220,8072.0
12556,W2884859931,W2135695572,8083.0
